id;title;date_created;date_updated;description;author_id
1;action-items Wall moratorium;2020-02-21;2020-02-20;yellow calculating;2
2;EXE PCI;2020-02-21;2020-02-21;Kentucky mint green;2
3;Sleek Rubber Car;2020-02-20;2020-02-20;systems Expanded Chips;2
4;Bahamian Dollar Human Wyoming;2020-02-21;2020-02-20;Associate Movies;2
5;Integration platforms user-centric;2020-02-21;2020-02-20;Fantastic;1
6;Investment Account niches;2020-02-21;2020-02-20;violet SMS;2
7;Soft Networked;2020-02-21;2020-02-20;Florida generating;2
8;Metal mint green Personal Loan Account;2020-02-20;2020-02-21;mobile index granular;1
9;Computers Refined Avon;2020-02-20;2020-02-21;local area network;2
10;granular Virtual;2020-02-21;2020-02-21;Innovative;1
